x,y,z,type
-101,39,31,minecraft:mob_spawner
-98,39,30,minecraft:chest
-109,39,31,minecraft:mob_spawner
-216,40,-171,minecraft:mob_spawner
-219,40,-170,minecraft:chest
-101,39,33,minecraft:chest
-111,39,33,minecraft:chest
-217,36,-186,minecraft:mob_spawner
-238,44,-195,minecraft:mob_spawner
-308,52,-146,minecraft:mob_spawner
-309,52,-149,minecraft:chest
-22,59,99,minecraft:chest
-19,59,99,minecraft:mob_spawner
-16,59,101,minecraft:chest
-344,26,3,minecraft:mob_spawner
-340,22,26,minecraft:chest
-337,22,26,minecraft:mob_spawner
-166,11,-254,minecraft:mob_spawner
-187,39,100,minecraft:mob_spawner
-179,33,104,minecraft:mob_spawner
-349,20,-62,minecraft:mob_spawner
-198,29,106,minecraft:mob_spawner
-365,8,27,minecraft:mob_spawner
-189,28,142,minecraft:mob_spawner
-181,35,130,minecraft:mob_spawner
-192,34,142,minecraft:mob_spawner
-387,23,-62,minecraft:mob_spawner
-390,23,-62,minecraft:chest
-389,23,-65,minecraft:chest
-203,33,191,minecraft:mob_spawner
-144,54,187,minecraft:chest
-142,54,188,minecraft:mob_spawner
-260,69,28,wtbw_machines:quarry
-259,69,29,wtbw_machines:quarry
-261,69,29,wtbw_machines:quarry
-260,69,30,wtbw_machines:quarry
-259,70,29,wtbw_machines:solar_panel
-260,70,28,wtbw_machines:solar_panel
-260,70,30,wtbw_machines:solar_panel
-261,70,29,wtbw_machines:solar_panel
