x,y,z,uuid,type,alive,display_name,custom_name
-168.69768745685113,65.0,-72.33679825452676,c6b08781-b909-42dd-997f-8c676ea1c2bf,minecraft:chicken,true,Chicken,[null]
-146.4790663984157,70.0,-94.43231992879103,c2349b47-3b54-451d-b6bf-255876a4f8b4,minecraft:sheep,true,Sheep,[null]
-152.68344548472183,69.0,-84.44999998807907,91b5a150-de32-4a52-9c87-13aadbf1a100,minecraft:cow,true,Cow,[null]
-148.445615287266,81.0,-78.46889926172217,f85ad729-c0c7-4e4d-a8c1-eddccf050ec0,minecraft:cow,true,Cow,[null]
-130.44999998807907,12.18629585223124,-109.44999998807907,7df0ba05-55a8-445c-8ea0-6d164359e252,minecraft:sheep,true,Sheep,[null]
-140.49290423274616,77.0,-97.39663727544955,0f4b15e3-a5f2-43ab-99f9-73e47faf186e,minecraft:pig,true,Pig,[null]
-142.4201390494519,82.0,-84.15865157395163,0cea607f-12bf-4173-aac3-64e238ca4dce,minecraft:cow,true,Cow,[null]
-201.61468421547545,68.0,-85.51314708297153,5276ba27-d8ba-4456-bb79-61b6fd8ccfc0,minecraft:chicken,true,Chicken,[null]
-180.48029423227254,69.0,-109.46909475453889,c568f9a1-8c0b-448a-9b59-fef27962fdfe,minecraft:sheep,true,Sheep,[null]
-171.3157541138428,69.0,-98.68428112446452,8ad6ffba-48c9-4659-8518-f3c2c158a851,minecraft:chicken,true,Chicken,[null]
-116.19799198224104,74.0,-116.50012214160118,234847d7-d23c-498a-b112-c9266cd7d8e5,minecraft:cow,true,Cow,[null]
-121.47493666346803,70.0,-104.76427667816262,18ed0035-714d-4e96-b1b4-35d514b2b700,minecraft:cow,true,Cow,[null]
-198.70735580328514,65.0,-6.196233385682445,8e5f071a-30e7-4371-bad6-0491bdbb24ad,minecraft:chicken,true,Chicken,[null]
-169.57643603200464,66.0,-2.2996926861112983,47c00977-888b-41b2-bb13-651baf7bf69c,minecraft:wolf,true,Wolf,[null]
-228.89817331241656,64.0,-77.90138927626326,5b09a431-8328-45f5-9ba3-1ca4cfde2de6,minecraft:chicken,true,Chicken,[null]
-109.49998394634085,102.0,-3.4499999880790737,7644c602-99dd-44f6-b308-2054486e72d2,minecraft:pig,true,Pig,[null]
-106.87670613776086,107.0,1.9206612140979007,4d4c3d04-08c7-45d5-95be-2305b0644d69,minecraft:pig,true,Pig,[null]
-89.47839398488546,70.0,-99.44999998807907,f527ae0e-3485-4bbc-ba7b-da36f120e406,minecraft:cow,true,Cow,[null]
-91.54411236265408,85.0,-87.49058627464737,ce006760-dd2f-4c72-b6a5-6a2a2f7200bb,minecraft:cow,true,Cow,[null]
-92.97553537736033,86.0,-86.44999998807907,3de0973d-28bb-42e0-b7fe-9f752e844441,minecraft:cow,true,Cow,[null]
-248.5,30.0625,-149.5,b90d54d0-74ef-4694-b422-99fd73084832,minecraft:chest_minecart,true,Minecart with Chest,[null]
-249.74050341204762,67.0,-142.00231796154483,50f63976-1dbc-4d38-9741-e0aacbf00424,minecraft:chicken,true,Chicken,[null]
-242.49766874164035,64.0,-62.60876567712894,6b48ed0e-9d4f-41ad-af3e-ec5f7ba857ee,minecraft:chicken,true,Chicken,[null]
-86.50612512975395,101.0,6.155647495902458,4545cab7-1603-43d0-8332-ff296d1a4f19,minecraft:pig,true,Pig,[null]
-257.03391871862254,64.0,-52.03429570378952,1f180752-ffc0-459a-8094-6a8d2be9f128,minecraft:wolf,true,Wolf,[null]
-198.5,33.0625,17.5,0e73953b-8fa9-4f8e-8d59-1287e1145858,minecraft:chest_minecart,true,Minecart with Chest,[null]
-145.46827679234323,71.0,-162.7604285867533,549c5ec8-1954-4214-ba28-1e2b5d942bb4,minecraft:sheep,true,Sheep,[null]
-81.28044451595,96.0,18.043257513860148,7282fe75-950e-43ed-b09d-f17a6c9c6be7,minecraft:pig,true,Pig,[null]
-189.5,39.0625,43.5,89830849-e736-49c3-8a4b-c94b4f65b837,minecraft:chest_minecart,true,Minecart with Chest,[null]
-294.0021970144731,65.0,-100.13633741487564,bf908f32-9634-4487-ac00-50cbccf9cf20,minecraft:wolf,true,Wolf,[null]
-138.49997893617288,69.50049282011997,-176.50002118045654,696e6390-1a90-4915-816e-6a73a11474fe,minecraft:sheep,true,Sheep,[null]
-127.3174188903948,73.0,-184.31726339693577,bc75d31e-1e92-4717-a4f3-376c968eac22,minecraft:sheep,true,Sheep,[null]
-117.54910372489529,64.0,-176.55000001192093,246ae1d6-faa3-4cd0-a9a9-05617d9fe176,minecraft:sheep,true,Sheep,[null]
-233.5,38.0625,-183.5,a86a3692-176a-4ce8-9db0-d2e79284627c,minecraft:chest_minecart,true,Minecart with Chest,[null]
-54.47746172623941,114.0,-57.466354331448635,29eba3a1-a1f5-48a5-b97f-b9ce414e46a7,minecraft:sheep,true,Sheep,[null]
-301.5,14.0625,-28.5,65f5c27e-a2c0-4128-bc65-dbcb68597a41,minecraft:chest_minecart,true,Minecart with Chest,[null]
-301.5,14.0625,-23.5,0a25931a-caa6-445a-97d5-5cbdd6918e0a,minecraft:chest_minecart,true,Minecart with Chest,[null]
-305.21556024796195,76.0,-10.693815674867382,b3feb682-8f57-41da-a656-64cda869dfc0,minecraft:chicken,true,Chicken,[null]
-290.5,31.0625,-146.5,a5c63e02-2e74-4043-81dd-4d17ab3468b7,minecraft:chest_minecart,true,Minecart with Chest,[null]
-34.34831829812677,122.0,-77.54399379631458,5c61e613-4463-4a5c-83f0-380b8348ff86,minecraft:sheep,true,Sheep,[null]
-167.5,40.0625,61.5,10ab02c5-f314-4858-881e-1264d09f6127,minecraft:chest_minecart,true,Minecart with Chest,[null]
-220.40112999313885,70.0,-205.46770720383256,ccca575d-7f41-4d3d-9b6d-1ef0d7f09433,minecraft:sheep,true,Sheep,[null]
-38.318826736131285,122.0,-76.67956037811307,842ec12d-f378-4471-a486-0088fa13ad79,minecraft:chicken,true,Chicken,[null]
-38.55000001192093,120.0,-67.11625096035905,cd32514a-b5c4-440f-83c9-aa4e1d61906b,minecraft:sheep,true,Sheep,[null]
-38.362395413302764,122.0,-75.65357086713752,aee90bef-b04d-4323-9143-582445cc4abb,minecraft:chicken,true,Chicken,[null]
-132.48656256087077,75.0,-205.33557499283933,7c56517b-370e-458d-bbde-8f64895465de,minecraft:sheep,true,Sheep,[null]
-114.35470480913878,76.0,-196.91248624580925,8678d0d6-20a9-4ece-a362-65acbe437f42,minecraft:sheep,true,Sheep,[null]
-91.83818314398401,64.0,-201.04011570361027,227ee560-ac04-4292-bd0d-fb0a584d39ac,minecraft:pig,true,Pig,[null]
-69.55000001192093,77.0,-196.55000001192093,e1504cfe-8d8a-4781-b645-20feb55aabc5,minecraft:pig,true,Pig,[null]
-302.20402308815216,77.0,80.83284529586082,b0cad207-e294-449e-a2c7-3bbf1b561dc7,minecraft:pig,true,Pig,[null]
-320.2563272995295,65.0,-139.46685250371553,3a5095e7-b725-4c8f-aec3-460f8facbca9,minecraft:chicken,true,Chicken,[null]
-300.71113457731025,75.0,50.28854839451407,02fc808b-9686-41c4-b3eb-bb57c5b0a67e,minecraft:chicken,true,Chicken,[null]
-296.50738151668844,77.0,63.564909088286164,a04a29d0-a7fc-4b96-bf71-9225c6dddb9c,minecraft:wolf,true,Wolf,[null]
-310.2287562429447,76.0,-9.410744126601314,a3cc3dd2-2d7e-4408-9ca4-b291fbc3d099,minecraft:chicken,true,Chicken,[null]
-19.384304936968547,122.0,-80.68747012938246,bbdd8431-ab55-4914-9188-eec5e4062039,minecraft:chicken,true,Chicken,[null]
-57.38113173537578,68.0,-215.49347300023933,199080e9-a71b-4119-a036-68f68f74f05d,minecraft:sheep,true,Sheep,[null]
-48.19028633809276,79.0,-209.99614948613058,aa65a842-d299-473b-b92b-7d86c0d7c41d,minecraft:pig,true,Pig,[null]
-199.3856451410229,71.0,-209.46514644950807,424f5131-8c26-4bfd-867f-a03977b78ec2,minecraft:sheep,true,Sheep,[null]
-166.12855689204792,69.0,-220.54833113205643,a2640447-a15d-4fae-bf58-a4bbbe020834,minecraft:chicken,true,Chicken,[null]
-251.5,39.0625,-219.5,eb4206b9-1678-49f8-a239-555f0eee73a8,minecraft:chest_minecart,true,Minecart with Chest,[null]
-271.5,44.0625,-209.5,d1ecb676-abd1-4641-b984-ba7506831c75,minecraft:chest_minecart,true,Minecart with Chest,[null]
-323.2922884278787,73.0,84.28305990962411,cf686c48-8b9c-4a4b-b3e9-8b395d2cc91a,minecraft:chicken,true,Chicken,[null]
-321.2202437183662,73.0,84.30776069904165,9384e7c7-c5e1-4575-b12f-74c4c0a512c8,minecraft:chicken,true,Chicken,[null]
-330.65452937270885,63.0,-171.63640408456513,6b24cbfe-fd27-49d1-8200-ba862b42a5fe,minecraft:chicken,true,Chicken,[null]
-330.6279196918758,63.0,-172.0732327072848,02e47308-193f-44af-8336-14e888b29519,minecraft:item,true,Egg,[null]
-331.6934371050338,67.0,-132.0822624322885,614d6078-66e8-45b1-b58d-1e07a2f02da9,minecraft:wolf,true,Wolf,[null]
-320.35947808335175,73.0,66.64515073313113,dc833af0-9d68-4b5e-b8ec-dee71fa1d48e,minecraft:pig,true,Pig,[null]
-285.8388359860062,76.0,80.50687583678405,1f85fc59-a130-479f-8a88-899fb9a5ce30,minecraft:pig,true,Pig,[null]
-286.60718246061816,78.0,88.48902153122214,83eb0228-627e-4e93-aeb7-191d45a9d381,minecraft:chicken,true,Chicken,[null]
-336.282210272903,69.0,-17.187571506247874,63d5b055-8c74-43fc-99ef-7fda5d169547,minecraft:sheep,true,Sheep,[null]
-15.969747228992562,115.0,-90.51076028590383,26a5f66c-2b74-481f-abe1-5b68226b9855,minecraft:chicken,true,Chicken,[null]
-142.75980360289103,64.0,-224.062352596871,a32f191b-8ae7-42f9-8c0d-b9801d597c1d,minecraft:sheep,true,Sheep,[null]
-187.46685765865448,70.0,-224.10649501496488,8c28afaf-e2f0-48ef-ab67-d1fb8ea377e1,minecraft:wolf,true,Wolf,[null]
-169.99499441019742,70.0,-224.00503071586186,6b9cada8-2175-4816-a1ec-927187768d2a,minecraft:wolf,true,Wolf,[null]
-163.51875240975255,71.0,-224.11617958326173,e922c6ba-579c-4939-a10c-91d4b1e708bc,minecraft:wolf,true,Wolf,[null]
-70.45879435331283,64.0,-224.028032344993,763f2e88-32c6-4c93-a578-f82e559ac6af,minecraft:sheep,true,Sheep,[null]
-224.08397073472125,64.0,-224.07007936194097,6a2652b1-a924-4966-849e-1648ee037b14,minecraft:sheep,true,Sheep,[null]
-331.5,19.0625,-48.5,74a0fb08-d838-400f-8285-e07359527774,minecraft:chest_minecart,true,Minecart with Chest,[null]
-42.34785669920905,82.0,-224.01882434331745,6ad5f579-2d68-4ce0-aaa5-edc4d6d33870,minecraft:pig,true,Pig,[null]
-337.49740189556405,69.0,-130.4802063416058,bc3d40f7-bd4c-42fd-a425-a0bcd9fe7417,minecraft:wolf,true,Wolf,[null]
-344.15931367812476,68.0,-14.452805943533097,c4f144ca-1f94-4a03-a3d4-b0a7b1564ddc,minecraft:sheep,true,Sheep,[null]
-343.5050899784204,71.0,2.100525905707247,d2f77b88-4f06-4c1d-a4f6-0c62c1c0ec61,minecraft:chicken,true,Chicken,[null]
-348.4731746349519,64.0,-229.47768283501586,1a9a9ef8-7b25-48ea-a5bd-32d2c5361b8f,minecraft:cow,true,Cow,[null]
-164.5,11.0625,-255.5,1ac6c884-c16f-4414-af6a-395509376c72,minecraft:chest_minecart,true,Minecart with Chest,[null]
-183.5,25.0625,105.5,b0b00b18-5907-4167-93a5-08762ab6b622,minecraft:chest_minecart,true,Minecart with Chest,[null]
-345.5,16.0,-31.5,6d3bfd1e-a1e9-415a-ac04-eda8ee335ba6,minecraft:chest_minecart,true,Minecart with Chest,[null]
-173.5,39.0625,103.5,c503cc71-c064-4c3a-b8a9-ddbdace69c05,minecraft:chest_minecart,true,Minecart with Chest,[null]
-348.6746607741884,75.0,108.67462098025695,631b9f19-98b0-4374-bab5-ab7bfff6dc4c,minecraft:chicken,true,Chicken,[null]
-254.55329608553478,69.0,33.060308053483254,380df991-f603-344c-a090-369bad2a924a,minecraft:player,true,Dev,[null]
-360.369317847747,70.0,2.6306893790680377,77ceea66-fe87-4e14-87b3-adeec2e95f14,minecraft:sheep,true,Sheep,[null]
-347.07134247332226,76.0,122.97401566491831,2ad60a2b-cd40-41f0-afee-cd61bcb25f28,minecraft:pig,true,Pig,[null]
-276.7778867354788,80.0,111.21245245023393,3d3c10ee-e38c-4a4f-9d3f-5d0a0ddaacb7,minecraft:pig,true,Pig,[null]
-279.35935743999585,81.0,124.55576407597344,35281528-d6d5-45a9-a997-13183192a864,minecraft:pig,true,Pig,[null]
-202.5,28.0625,112.5,8df396ca-6ce5-43bd-b4de-4c7eca2c6f21,minecraft:chest_minecart,true,Minecart with Chest,[null]
-359.649172492833,72.0,50.500108363823905,b9ef3f88-e497-43c5-b3b1-9b65c148a095,minecraft:chicken,true,Chicken,[null]
-357.478453192223,72.0,44.53002350394606,87be52d4-9765-4bac-97d1-6bd4cf2df722,minecraft:sheep,true,Sheep,[null]
-366.4999941945227,75.0,94.79999999701977,91d4833b-0e5f-4a6b-991a-10f584f11c50,minecraft:chicken,true,Chicken,[null]
-355.37747285804613,69.59668145333585,39.26078269140748,bec1746f-89f9-4d7c-b78e-7632746f7d07,minecraft:horse,true,Horse,[null]
-258.7642748637844,83.0,115.5495671233082,49c39f58-ae42-4fbd-9dbd-99d4214168dd,minecraft:cow,true,Cow,[null]
-192.5,29.0625,129.5,fd966ff0-c2ab-4eaa-bab2-965a113d27dc,minecraft:chest_minecart,true,Minecart with Chest,[null]
-200.50999999046326,34.0,142.50067658338241,fd35e8c7-d73b-4092-9c6f-49f998579ef8,minecraft:chest_minecart,true,Minecart with Chest,[null]
-200.43354303403765,76.0,141.42372247917035,c772523c-d1dd-463f-928d-41dd7969ba05,minecraft:wolf,true,Wolf,[null]
-187.5,28.0625,130.5,bf5d5521-ed8d-4448-88d3-6c54877482e0,minecraft:chest_minecart,true,Minecart with Chest,[null]
-175.5,35.0625,139.5,5bca0b11-ad09-4313-a455-75556dc600ce,minecraft:chest_minecart,true,Minecart with Chest,[null]
-374.4118197453348,72.0,10.445180008502904,fe4ae08b-808c-45fd-abb1-79635e8ddc85,minecraft:chicken,true,Chicken,[null]
-372.79999999701977,69.0,-3.503235797984764,00c45b1f-7e78-4bfc-bd57-044114ea79e2,minecraft:chicken,true,Chicken,[null]
-383.7016083555418,68.0,-1.7050963942999822,e264ead2-be3f-49d3-81e0-b41f128ec97d,minecraft:sheep,true,Sheep,[null]
-290.4567638630792,80.0,123.69200328012981,a67828eb-7a52-403b-894f-b2cc435e2c60,minecraft:pig,true,Pig,[null]
-277.4320980083187,80.0,127.60393356420641,061f1452-5350-469b-a54d-b10b9a037562,minecraft:pig,true,Pig,[null]
-265.44999998807907,72.0,133.55000001192093,a222ac95-330f-4c35-8d2d-fe091020cb9a,minecraft:pig,true,Pig,[null]
-352.57087601405414,76.0,132.1679887176854,8b57365a-b708-4d13-bfb4-64d5a8dd6352,minecraft:chicken,true,Chicken,[null]
-382.5,13.0625,-41.5,f60b638b-745e-4c7e-9bad-eb82a32709fa,minecraft:chest_minecart,true,Minecart with Chest,[null]
-368.5,10.0625,-48.5,f7847f97-5bbc-4388-8087-c4058e619145,minecraft:chest_minecart,true,Minecart with Chest,[null]
-377.5,15.0625,-59.5,6c5a4892-064c-4cb9-9a09-458830912060,minecraft:chest_minecart,true,Minecart with Chest,[null]
-372.53371811305107,64.0,-52.874394365359684,16c7af18-687a-4739-9b9e-c86ef3ed6e8e,minecraft:sheep,true,Sheep,[null]
-237.56774212435437,76.0,142.53967822599,328b312d-3697-44b4-bddc-117e8b1e8860,minecraft:pig,true,Pig,[null]
-288.45939215689754,71.0,155.2662921547773,b5f51687-92e5-489f-a3df-5e93e69c3f98,minecraft:cow,true,Cow,[null]
-389.5,13.0625,-43.5,ee77cb90-dd2c-4073-bf68-7d0a42234450,minecraft:chest_minecart,true,Minecart with Chest,[null]
-401.4758721185909,68.0,-61.38270494693178,c69b4971-8ab4-4f69-ac81-121e172df920,minecraft:sheep,true,Sheep,[null]
-384.3207876153815,63.0,-69.4985345056425,ae6fdd79-0230-47cc-8dbe-c18b66726947,minecraft:sheep,true,Sheep,[null]
-193.5,33.0625,147.5,9e33564d-b49f-49e6-af91-7d34d27f6336,minecraft:chest_minecart,true,Minecart with Chest,[null]
-203.5511927851028,76.0,149.53409716031803,f7a193ef-9e0e-4112-ae24-1dca597a252e,minecraft:cow,true,Cow,[null]
-390.641051412469,73.0,69.10016791085934,0d004f9e-f1c6-4685-a28c-e06fe1ef4c03,minecraft:horse,true,Horse,[null]
-392.92194015121936,72.0,67.6617284653881,f0ececdf-8686-42f3-9e47-8b770fd6c1f9,minecraft:chicken,true,Chicken,[null]
-366.9144395978048,76.0,140.11468733769632,555e4389-ec01-40b2-8a22-d647e5715f39,minecraft:chicken,true,Chicken,[null]
-393.4784569631449,69.0,-9.469780388461853,ad249e9e-2f3e-480b-9b57-9053dd7ce6e1,minecraft:sheep,true,Sheep,[null]
-394.14506396844484,72.0,55.62067918523451,6617c272-d76c-44c6-9ff0-087755ee8e2b,minecraft:horse,true,Horse,[null]
-400.62365754193553,71.0,54.57660464134969,0483f41d-ff38-48af-aad4-1bcd21806a10,minecraft:horse,true,Horse,[null]
-147.7428370257152,71.0,144.171284229189,0f299231-eb92-45d6-93d5-ff84d55c5d16,minecraft:sheep,true,Sheep,[null]
-406.6838687001357,71.0,86.32070557497397,638cd96b-fa96-4c40-978e-b07d694e7f36,minecraft:chicken,true,Chicken,[null]
-404.699367648567,71.0,65.29219929087921,29c23580-1aac-43a0-a3d8-b3b0abf341d9,minecraft:chicken,true,Chicken,[null]
-164.42205021067335,74.0,171.64994741946936,8991f7b2-1e67-44cc-b8b5-8631f2dfc25a,minecraft:pig,true,Pig,[null]
-160.54798574868244,75.0,179.29250784745653,1dd4b842-26c7-4e3d-933f-4e2b49fb7e86,minecraft:sheep,true,Sheep,[null]
-143.55000001192093,64.0,160.55000001192093,387e892a-9c88-4e8c-8be9-b9519ae53b3a,minecraft:sheep,true,Sheep,[null]
-365.5,11.0625,-114.5,ba92b34b-7944-4e87-8969-b098e11c5e11,minecraft:chest_minecart,true,Minecart with Chest,[null]
-385.31749112800054,65.0,-122.50307694440329,9e566e3a-e524-419b-94f1-7af45376f00b,minecraft:sheep,true,Sheep,[null]
-227.77917676287572,71.0,179.5234144807195,07b3f232-4abf-458a-8270-f688b3c480b5,minecraft:cow,true,Cow,[null]
-308.2343347399037,64.0,181.4693167601839,46c0e494-9a9d-47a8-944e-f57e79d5ec7e,minecraft:cow,true,Cow,[null]
-295.0212817253013,74.0,192.09701907642864,9ca8a2fa-6c26-487b-8dec-6b55b1c01f74,minecraft:sheep,true,Sheep,[null]
-428.33881056090445,69.0,0.5320596021837509,857ce22d-0038-496b-96f1-f8004a0fa8a0,minecraft:sheep,true,Sheep,[null]
-167.44999998807907,70.0,181.18572153085128,b861a8c9-36e4-4c97-8fb0-6c46dc3e5792,minecraft:sheep,true,Sheep,[null]
-432.13335785029466,75.0,-81.57060776198675,46226a63-e10a-4302-b356-e01764dd9959,minecraft:item,true,Egg,[null]
-432.11390493562953,77.0,-82.79999999701977,72b96ffb-6231-4b39-bc97-4b029d721267,minecraft:chicken,true,Chicken,[null]
-432.44999998807907,73.0,-66.9219540385087,29810188-01f5-41ab-99c7-611b4907d07f,minecraft:sheep,true,Sheep,[null]
-182.5,37.0625,192.5,b5558aa1-8932-4fc0-8ba5-538c414e52ea,minecraft:chest_minecart,true,Minecart with Chest,[null]
-201.5,33.0625,195.5,59cf8658-06dd-46d9-8919-a995e92cac50,minecraft:chest_minecart,true,Minecart with Chest,[null]
-204.5124217803131,85.0,199.58352966988426,66e513b9-9f12-450b-a049-2833f4dd0e3f,minecraft:sheep,true,Sheep,[null]
-440.5555412561714,64.0,-159.4497878650186,06236c0c-d4c4-468f-a78d-c069985ddd18,minecraft:sheep,true,Sheep,[null]
-417.20000000298023,65.0,-172.48210522337297,89083ed6-94d7-4fc6-b07e-1440bf5928bb,minecraft:chicken,true,Chicken,[null]
-417.125,65.0,-172.32238059433425,8b22ddd6-f8ef-4712-8b1c-79c081849f90,minecraft:item,true,Egg,[null]
-448.42223792050214,77.0,-91.28107650178083,552dd1b5-2cea-46f6-aaab-b5ba224a2824,minecraft:item,true,Egg,[null]
-444.42580774946384,79.0,-88.68375865861869,c83bea1b-8dd0-41db-a338-6ddbe798e1f0,minecraft:chicken,true,Chicken,[null]
-262.15945899432916,76.0,209.54370044399522,e868bf80-e4ec-4dd2-a32d-b21b04746cf9,minecraft:cow,true,Cow,[null]
-237.50488930090594,68.509548193873,217.4993558387432,59a3c637-e2ba-4aad-a1d7-efa67dfdee7c,minecraft:cow,true,Cow,[null]
-223.96338037919142,69.0,208.05142542511655,4c7906d9-58ab-4a7f-a7e9-eb71da004f7a,minecraft:cow,true,Cow,[null]
-165.5474387685428,73.0,208.0309182549144,8ce9a218-7bb5-4c49-b176-0a715f7cca94,minecraft:sheep,true,Sheep,[null]
-203.46909068486548,71.0,215.48036975120274,36d27ad0-6bac-4c64-a188-75c285601f4e,minecraft:cow,true,Cow,[null]
-443.44909855806293,78.0,-101.45090037521716,2da1febc-35a4-4360-821b-517318f44261,minecraft:chicken,true,Chicken,[null]
-444.086279181602,64.0,-167.76481214086905,0556ae5a-c669-4d82-be3d-aebc244e5524,minecraft:chicken,true,Chicken,[null]
-443.4074784468122,64.0,-168.105207883611,5f2b0e6f-4ae5-47d8-9f63-3df44079ebc0,minecraft:item,true,Egg,[null]
-454.49991901219266,67.0,-174.8395910480838,b56b46e7-1cfd-45d2-9ab9-d2f0c95bc51a,minecraft:sheep,true,Sheep,[null]
-226.0549940431,70.0,224.05108333621655,b22218ec-1da3-4a19-9685-fbccc83019fe,minecraft:cow,true,Cow,[null]
-213.5,31.5,226.5,aa0d396a-5c60-4e60-b1c9-9c5290e8272e,minecraft:chest_minecart,true,Minecart with Chest,[null]
-180.50298719906436,85.0,224.05872319849075,9ff0b0fd-f1b2-433f-8a06-f46dfb614468,minecraft:cow,true,Cow,[null]
-184.95987807813768,84.0,224.04288191554622,a629b6d5-f3ab-49f9-89ef-9a18a575bf53,minecraft:cow,true,Cow,[null]
-159.97788650885053,96.0,224.0201244892276,0a56aefa-28f3-455b-bba5-81a351078a09,minecraft:cow,true,Cow,[null]
-286.2689301989719,77.0,87.24513762361461,8393fa5c-6a80-4144-b42a-eefcc9399761,minecraft:item,true,Egg,[null]
-228.24321318005735,64.0,-78.19557862191365,f902e0e1-2dc1-4023-8f0a-a4146351815b,minecraft:item,true,Egg,[null]
-165.8136446073877,69.0,-220.875,09110306-9fb8-465f-b124-e976868a1f4e,minecraft:item,true,Egg,[null]
-365.6542492195436,75.0,93.97344451446534,a015d61d-5299-412f-9eb6-2c16716fced9,minecraft:item,true,Egg,[null]
-351.62852634594987,76.0,132.82544347828747,16004bd8-07b9-4385-8e5d-7c1c073908cb,minecraft:item,true,Egg,[null]
-320.88082341884734,65.0,-140.37447388065283,f96bbf21-7939-4936-aaa5-76323b7807db,minecraft:item,true,Egg,[null]
-406.618470336161,71.0,85.64013015944252,b885d037-82c8-4f0c-8a25-0003c4ada951,minecraft:item,true,Egg,[null]
-358.91245653194477,72.0,50.1414020914811,d4dd9354-e03c-47c4-b204-84fd84306b5e,minecraft:item,true,Egg,[null]
-367.10572470732643,76.0,139.62353761456674,ac7a6a1a-9e55-42f4-9271-480416f81b65,minecraft:item,true,Egg,[null]
-322.5387743271904,73.0,84.69974975761617,dbfd84ef-2eac-470d-a0da-45de36336571,minecraft:item,true,Egg,[null]
-170.98314712736376,69.0,-99.60101066220996,bda8a480-e1b6-4fa2-924c-76932d064492,minecraft:item,true,Egg,[null]
-314.1382838342124,72.0,38.035059690205316,9616d92b-5456-4b1a-a551-2365e5138e04,minecraft:item,true,Egg,[null]
-20.005469618205005,122.0,-80.6471737634405,176582f0-1ce5-48b0-923f-f3a47ec6b350,minecraft:item,true,Egg,[null]
-440.615049721802,66.0,-187.59841221328935,6c882ed0-8a78-45b3-99b7-a6bdecc30dc6,minecraft:chicken,true,Chicken,[null]
-447.5113049624274,67.0,-179.55120142123485,410b17b2-59ca-4447-b82a-73d26cba8f6b,minecraft:chicken,true,Chicken,[null]
-440.55517604576363,66.0,-188.22181148795508,123ce68f-3cd6-4798-b9b7-580e015bbe7d,minecraft:item,true,Egg,[null]
-52.0,73.0,206.0,aa1dc8ea-595b-4f70-b50c-80ba96e45508,minecraft:sheep,true,Sheep,[null]
-54.0,74.0,206.0,3652f776-dcc6-4cbc-9e51-93d6aba1e640,minecraft:sheep,true,Sheep,[null]
-50.0,73.0,206.0,e72c353d-beeb-4989-b6fe-89364a56ab12,minecraft:sheep,true,Sheep,[null]
-49.0,73.0,205.0,f92bfd1b-b2c3-42ca-8bae-b05c763670b0,minecraft:sheep,true,Sheep,[null]
-374.6392044083604,71.0,9.541466980384163,85b1c588-65a9-4b02-b6b4-6901e6815cc1,minecraft:item,true,Egg,[null]
-372.875,65.0,-2.3259611188181415,40ee7adf-418e-443e-bac1-7ff822404ccd,minecraft:item,true,Egg,[null]
-321.5698531776652,73.0,84.85683507075514,5b1110d4-d68f-48c0-bc77-d4b573756cbc,minecraft:item,true,Egg,[null]
-38.137737283754156,122.0,-76.6871106374797,950e2a00-1d3b-47da-9165-48227fdaa8ca,minecraft:item,true,Egg,[null]
-242.90016715224425,64.0,-62.933962548513,eef18df7-d735-4b24-9baa-06b0c5c76225,minecraft:item,true,Egg,[null]
-250.06718061155698,67.0,-142.72796322720214,a8c8af36-6aae-4f02-b570-543d2a56b41c,minecraft:item,true,Egg,[null]
-497.30111259551734,66.0,-71.11991541886454,ceed839f-c291-40b1-b8ac-c6f95b5bf85d,minecraft:pig,true,Pig,[null]
-499.3410147200705,64.0,-77.35554080577698,ab1d035e-164e-4910-a278-f3f7800386c8,minecraft:pig,true,Pig,[null]
-501.8169102502764,64.0,-84.07555046535722,f2936466-bcbd-42ae-a5a2-ff76b318a1e7,minecraft:pig,true,Pig,[null]
-497.41039155747023,64.0,-84.83614986324638,c5d24745-6cdc-4d0e-abb3-3fe11ea08c6f,minecraft:pig,true,Pig,[null]
-500.0,65.0,93.0,57451f21-a0b5-453c-859a-0d0a4286c7bc,minecraft:pig,true,Pig,[null]
-498.0182791966764,65.0,102.62596856029072,9ac5df1c-5913-40a8-8428-24cb7d6f9dc6,minecraft:pig,true,Pig,[null]
-496.5223230638914,65.0,102.6200371803405,1fe11da2-c607-46dd-8d87-03cb27cbaf09,minecraft:pig,true,Pig,[null]
-496.93815071205614,65.0,104.47593194583133,f74ac413-79fa-436b-8816-f4e5de5f0abb,minecraft:pig,true,Pig,[null]
-497.75191539086416,64.0,108.81745466197586,7eb8b1e2-224e-4c81-bf38-02ac155b2945,minecraft:pig,true,Pig,[null]
-504.1504012842863,65.0,-134.41810493460022,47b3b9d5-a50c-44f1-a228-7e0ccc213506,minecraft:sheep,true,Sheep,[null]
-503.8545993520723,65.0,-132.78258490590468,6c2c53cf-207e-4423-945c-a57810aee3a3,minecraft:sheep,true,Sheep,[null]
-527.0,78.0,-79.0,aafe50be-92ee-481a-bab8-8bfbdf5880b1,minecraft:sheep,true,Sheep,[null]
-526.0,78.0,-79.0,2d4f8eb9-593d-4725-b971-762c76459612,minecraft:sheep,true,Sheep,[null]
-525.0,78.0,-78.0,59a0fcf7-7148-46a9-b5f1-29c8bdf3c1df,minecraft:sheep,true,Sheep,[null]
-522.0,78.0,-78.0,deaa35d9-4b88-42de-800b-1e5d8eaf9436,minecraft:sheep,true,Sheep,[null]
-525.0,74.0,8.0,055830b6-31de-4aad-a5c8-26901b1a533f,minecraft:sheep,true,Sheep,[null]
-527.0,74.0,9.0,b0c9aece-7103-45ba-8a8b-0e08a73867ca,minecraft:sheep,true,Sheep,[null]
-525.0,74.0,9.0,d837afe0-d9d8-4aa7-a1ae-0a718db72cb1,minecraft:sheep,true,Sheep,[null]
-527.0,74.0,13.0,381452f0-8c90-47f5-a25b-8a7edafcf40d,minecraft:sheep,true,Sheep,[null]
-519.0,70.0,28.0,4cddca82-8bf1-4624-84e4-f23cd1ca3d43,minecraft:cow,true,Cow,[null]
-518.0,70.0,28.0,88b11d02-f992-44b2-8bef-7971ef102d44,minecraft:cow,true,Cow,[null]
-342.5951717134953,71.0,2.875,f4f83423-31cc-40b3-be7a-c0e2b6c702ae,minecraft:item,true,Egg,[null]
-201.66464016448563,68.0,-85.875,b2399566-d4e3-4cdb-9dc6-5334845611ad,minecraft:item,true,Egg,[null]
